-- MySQL dump 10.13  Distrib 5.5.34, for Linux (x86_64)
--
-- Host: localhost    Database: o2o
-- ------------------------------------------------------
-- Server version	5.5.34-log

/*!40101 SET @OLD_CHARACTER_SET_CLIENT=@@CHARACTER_SET_CLIENT */;
/*!40101 SET @OLD_CHARACTER_SET_RESULTS=@@CHARACTER_SET_RESULTS */;
/*!40101 SET @OLD_COLLATION_CONNECTION=@@COLLATION_CONNECTION */;
/*!40101 SET NAMES utf8 */;
/*!40103 SET @OLD_TIME_ZONE=@@TIME_ZONE */;
/*!40103 SET TIME_ZONE='+00:00' */;
/*!40014 SET @OLD_UNIQUE_CHECKS=@@UNIQUE_CHECKS, UNIQUE_CHECKS=0 */;
/*!40014 SET @OLD_FOREIGN_KEY_CHECKS=@@FOREIGN_KEY_CHECKS, FOREIGN_KEY_CHECKS=0 */;
/*!40101 SET @OLD_SQL_MODE=@@SQL_MODE, SQL_MODE='NO_AUTO_VALUE_ON_ZERO' */;
/*!40111 SET @OLD_SQL_NOTES=@@SQL_NOTES, SQL_NOTES=0 */;

--
-- Table structure for table `tb_area`
--

DROP TABLE IF EXISTS `tb_area`;
/*!40101 SET @saved_cs_client     = @@character_set_client */;
/*!40101 SET character_set_client = utf8 */;
CREATE TABLE `tb_area` (
  `area_id` int(2) NOT NULL AUTO_INCREMENT,
  `area_name` varchar(200) NOT NULL,
  `priority` int(2) NOT NULL DEFAULT '0',
  `create_time` datetime DEFAULT NULL,
  `last_edit_time` datetime DEFAULT NULL,
  PRIMARY KEY (`area_id`),
  UNIQUE KEY `UK_AREA` (`area_name`)
) ENGINE=InnoDB AUTO_INCREMENT=4 DEFAULT CHARSET=utf8;
/*!40101 SET character_set_client = @saved_cs_client */;

--
-- Dumping data for table `tb_area`
--

LOCK TABLES `tb_area` WRITE;
/*!40000 ALTER TABLE `tb_area` DISABLE KEYS */;
INSERT INTO `tb_area` VALUES (2,'东苑',1,NULL,NULL),(3,'西苑',2,NULL,NULL);
/*!40000 ALTER TABLE `tb_area` ENABLE KEYS */;
UNLOCK TABLES;

--
-- Table structure for table `tb_head_line`
--

DROP TABLE IF EXISTS `tb_head_line`;
/*!40101 SET @saved_cs_client     = @@character_set_client */;
/*!40101 SET character_set_client = utf8 */;
CREATE TABLE `tb_head_line` (
  `line_id` int(100) NOT NULL AUTO_INCREMENT,
  `line_name` varchar(1000) DEFAULT NULL,
  `line_link` varchar(2000) NOT NULL,
  `line_img` varchar(2000) NOT NULL,
  `priority` int(2) DEFAULT NULL,
  `enable_status` int(2) NOT NULL DEFAULT '0',
  `create_time` datetime DEFAULT NULL,
  `last_edit_time` datetime DEFAULT NULL,
  PRIMARY KEY (`line_id`)
) ENGINE=InnoDB AUTO_INCREMENT=16 DEFAULT CHARSET=utf8;
/*!40101 SET character_set_client = @saved_cs_client */;

--
-- Dumping data for table `tb_head_line`
--

LOCK TABLES `tb_head_line` WRITE;
/*!40000 ALTER TABLE `tb_head_line` DISABLE KEYS */;
INSERT INTO `tb_head_line` VALUES (11,'1','http://115.28.159.6/myo2o/frontend/shopdetail?shopId=20','/upload/images/item/headtitle/2017061320315746624.jpg',1,1,'2017-06-13 20:31:57','2017-06-13 20:31:57'),(12,'2','http://115.28.159.6/myo2o/frontend/shopdetail?shopId=20','/upload/images/item/headtitle/2017061320371786788.jpg',2,1,'2017-06-13 20:37:17','2017-06-13 20:37:17'),(14,'3','http://115.28.159.6/myo2o/frontend/shopdetail?shopId=20','/upload/images/item/headtitle/2017061320393452772.jpg',3,1,'2017-06-13 20:39:34','2017-06-13 20:39:34'),(15,'4','http://115.28.159.6/myo2o/frontend/shopdetail?shopId=20','/upload/images/item/headtitle/2017061320400198256.jpg',4,1,'2017-06-13 20:40:01','2017-06-13 20:40:01');
/*!40000 ALTER TABLE `tb_head_line` ENABLE KEYS */;
UNLOCK TABLES;

--
-- Table structure for table `tb_local_auth`
--

DROP TABLE IF EXISTS `tb_local_auth`;
/*!40101 SET @saved_cs_client     = @@character_set_client */;
/*!40101 SET character_set_client = utf8 */;
CREATE TABLE `tb_local_auth` (
  `local_auth_id` int(10) NOT NULL AUTO_INCREMENT,
  `user_id` int(10) NOT NULL,
  `username` varchar(128) NOT NULL,
  `password` varchar(128) NOT NULL,
  `create_time` datetime DEFAULT NULL,
  `last_edit_time` datetime DEFAULT NULL,
  PRIMARY KEY (`local_auth_id`),
  UNIQUE KEY `uk_local_profile` (`username`),
  KEY `fk_localauth_profile` (`user_id`),
  CONSTRAINT `fk_localauth_profile` FOREIGN KEY (`user_id`) REFERENCES `tb_person_info` (`user_id`)
) ENGINE=InnoDB DEFAULT CHARSET=utf8;
/*!40101 SET character_set_client = @saved_cs_client */;

--
-- Dumping data for table `tb_local_auth`
--

LOCK TABLES `tb_local_auth` WRITE;
/*!40000 ALTER TABLE `tb_local_auth` DISABLE KEYS */;
/*!40000 ALTER TABLE `tb_local_auth` ENABLE KEYS */;
UNLOCK TABLES;

--
-- Table structure for table `tb_person_info`
--

DROP TABLE IF EXISTS `tb_person_info`;
/*!40101 SET @saved_cs_client     = @@character_set_client */;
/*!40101 SET character_set_client = utf8 */;
CREATE TABLE `tb_person_info` (
  `user_id` int(10) NOT NULL AUTO_INCREMENT,
  `name` varchar(32) DEFAULT NULL,
  `profile_img` varchar(1024) DEFAULT NULL,
  `email` varchar(1024) DEFAULT NULL,
  `gender` varchar(2) DEFAULT NULL,
  `enable_status` int(2) NOT NULL DEFAULT '0' COMMENT '0:禁止使用本商城，1:允许使用本商城',
  `user_type` int(2) NOT NULL DEFAULT '1' COMMENT '1:顾客，2:店家，3:超级管理员',
  `create_time` datetime DEFAULT NULL,
  `last_edit_time` datetime DEFAULT NULL,
  PRIMARY KEY (`user_id`)
) ENGINE=InnoDB AUTO_INCREMENT=2 DEFAULT CHARSET=utf8;
/*!40101 SET character_set_client = @saved_cs_client */;

--
-- Dumping data for table `tb_person_info`
--

LOCK TABLES `tb_person_info` WRITE;
/*!40000 ALTER TABLE `tb_person_info` DISABLE KEYS */;
INSERT INTO `tb_person_info` VALUES (1,'测试','test','test','1',1,2,NULL,NULL);
/*!40000 ALTER TABLE `tb_person_info` ENABLE KEYS */;
UNLOCK TABLES;

--
-- Table structure for table `tb_product`
--

DROP TABLE IF EXISTS `tb_product`;
/*!40101 SET @saved_cs_client     = @@character_set_client */;
/*!40101 SET character_set_client = utf8 */;
CREATE TABLE `tb_product` (
  `product_id` int(100) NOT NULL AUTO_INCREMENT,
  `product_name` varchar(100) NOT NULL,
  `product_desc` varchar(2000) DEFAULT NULL,
  `img_addr` varchar(2000) DEFAULT '',
  `normal_price` varchar(100) DEFAULT NULL,
  `promotion_price` varchar(100) DEFAULT NULL,
  `priority` int(2) NOT NULL DEFAULT '0',
  `create_time` datetime DEFAULT NULL,
  `last_edit_time` datetime DEFAULT NULL,
  `enable_status` int(2) NOT NULL DEFAULT '0',
  `product_category_id` int(11) DEFAULT NULL,
  `shop_id` int(20) NOT NULL DEFAULT '0',
  PRIMARY KEY (`product_id`),
  KEY `fk_product_procate` (`product_category_id`),
  KEY `fk_product_shop` (`shop_id`),
  CONSTRAINT `fk_product_procate` FOREIGN KEY (`product_category_id`) REFERENCES `tb_product_category` (`product_category_id`),
  CONSTRAINT `fk_product_shop` FOREIGN KEY (`shop_id`) REFERENCES `tb_shop` (`shop_id`)
) ENGINE=InnoDB AUTO_INCREMENT=37 DEFAULT CHARSET=utf8;
/*!40101 SET character_set_client = @saved_cs_client */;

--
-- Dumping data for table `tb_product`
--

LOCK TABLES `tb_product` WRITE;
/*!40000 ALTER TABLE `tb_product` DISABLE KEYS */;
/*!40000 ALTER TABLE `tb_product` ENABLE KEYS */;
UNLOCK TABLES;

--
-- Table structure for table `tb_product_category`
--

DROP TABLE IF EXISTS `tb_product_category`;
/*!40101 SET @saved_cs_client     = @@character_set_client */;
/*!40101 SET character_set_client = utf8 */;
CREATE TABLE `tb_product_category` (
  `product_category_id` int(11) NOT NULL AUTO_INCREMENT,
  `product_category_name` varchar(100) NOT NULL,
  `priority` int(2) DEFAULT '0',
  `create_time` datetime DEFAULT NULL,
  `shop_id` int(20) NOT NULL DEFAULT '0',
  PRIMARY KEY (`product_category_id`),
  KEY `fk_procate_shop` (`shop_id`),
  CONSTRAINT `fk_procate_shop` FOREIGN KEY (`shop_id`) REFERENCES `tb_shop` (`shop_id`)
) ENGINE=InnoDB AUTO_INCREMENT=32 DEFAULT CHARSET=utf8;
/*!40101 SET character_set_client = @saved_cs_client */;

--
-- Dumping data for table `tb_product_category`
--

LOCK TABLES `tb_product_category` WRITE;
/*!40000 ALTER TABLE `tb_product_category` DISABLE KEYS */;
INSERT INTO `tb_product_category` VALUES (1,'店铺商品类别1',0,NULL,1),(2,'店铺商品类别3',2,NULL,1),(9,'店铺商品类别2',100,NULL,1),(24,'商品类别11',200,NULL,1);
/*!40000 ALTER TABLE `tb_product_category` ENABLE KEYS */;
UNLOCK TABLES;

--
-- Table structure for table `tb_product_img`
--

DROP TABLE IF EXISTS `tb_product_img`;
/*!40101 SET @saved_cs_client     = @@character_set_client */;
/*!40101 SET character_set_client = utf8 */;
CREATE TABLE `tb_product_img` (
  `product_img_id` int(20) NOT NULL AUTO_INCREMENT,
  `img_addr` varchar(2000) NOT NULL,
  `img_desc` varchar(2000) DEFAULT NULL,
  `priority` int(2) DEFAULT '0',
  `create_time` datetime DEFAULT NULL,
  `product_id` int(20) DEFAULT NULL,
  PRIMARY KEY (`product_img_id`),
  KEY `fk_proimg_product` (`product_id`),
  CONSTRAINT `fk_proimg_product` FOREIGN KEY (`product_id`) REFERENCES `tb_product` (`product_id`)
) ENGINE=InnoDB DEFAULT CHARSET=utf8;
/*!40101 SET character_set_client = @saved_cs_client */;

--
-- Dumping data for table `tb_product_img`
--

LOCK TABLES `tb_product_img` WRITE;
/*!40000 ALTER TABLE `tb_product_img` DISABLE KEYS */;
/*!40000 ALTER TABLE `tb_product_img` ENABLE KEYS */;
UNLOCK TABLES;

--
-- Table structure for table `tb_shop`
--

DROP TABLE IF EXISTS `tb_shop`;
/*!40101 SET @saved_cs_client     = @@character_set_client */;
/*!40101 SET character_set_client = utf8 */;
CREATE TABLE `tb_shop` (
  `shop_id` int(10) NOT NULL AUTO_INCREMENT,
  `owner_id` int(10) NOT NULL COMMENT '店铺创建人',
  `area_id` int(5) DEFAULT NULL,
  `shop_category_id` int(11) DEFAULT NULL,
  `shop_name` varchar(256) NOT NULL,
  `shop_desc` varchar(1024) DEFAULT NULL,
  `shop_addr` varchar(200) DEFAULT NULL,
  `phone` varchar(128) DEFAULT NULL,
  `shop_img` varchar(1024) DEFAULT NULL,
  `priority` int(3) DEFAULT '0',
  `create_time` datetime DEFAULT NULL,
  `last_edit_time` datetime DEFAULT NULL,
  `enable_status` int(2) NOT NULL DEFAULT '0',
  `advice` varchar(255) DEFAULT NULL,
  PRIMARY KEY (`shop_id`),
  KEY `fk_shop_area` (`area_id`),
  KEY `fk_shop_profile` (`owner_id`),
  KEY `fk_shop_shopcate` (`shop_category_id`),
  CONSTRAINT `fk_shop_area` FOREIGN KEY (`area_id`) REFERENCES `tb_area` (`area_id`),
  CONSTRAINT `fk_shop_profile` FOREIGN KEY (`owner_id`) REFERENCES `tb_person_info` (`user_id`),
  CONSTRAINT `fk_shop_shopcate` FOREIGN KEY (`shop_category_id`) REFERENCES `tb_shop_category` (`shop_category_id`)
) ENGINE=InnoDB AUTO_INCREMENT=28 DEFAULT CHARSET=utf8;
/*!40101 SET character_set_client = @saved_cs_client */;

--
-- Dumping data for table `tb_shop`
--

LOCK TABLES `tb_shop` WRITE;
/*!40000 ALTER TABLE `tb_shop` DISABLE KEYS */;
INSERT INTO `tb_shop` VALUES (1,1,3,NULL,'正式店铺名称','测试描述','正式地址','13810524086','upload/item/shop/1/2017091621545314507.jpg',10,'2017-08-03 00:08:32','2017-09-16 21:54:53',1,'审核中'),(10,1,2,NULL,'测试的店铺2','test1','test1','test1','upload/item/shop/10/2017082423510666122.jpg',NULL,'2017-08-24 23:51:07','2017-08-24 23:51:07',0,'审核中'),(11,1,2,NULL,'测试的店铺3','test3','test3','test3','upload/item/shop/11/2017082423541882962.jpg',NULL,'2017-08-24 23:54:18','2017-08-24 23:54:18',0,'审核中'),(12,1,3,NULL,'test','test','test','12131314','upload/item/shop/12/2017090923515193964.jpg',NULL,'2017-09-09 23:51:51','2017-09-09 23:51:51',0,NULL),(13,1,3,NULL,'咖啡店','店铺简介','咖啡店地址','13810524086','upload/item/shop/13/2017091012035677511.jpg',NULL,'2017-09-10 12:03:56','2017-09-10 12:03:56',0,NULL),(19,1,2,NULL,'测试的店铺3','test3','test3','test3','upload/item/shop/19/2017091114250065463.jpg',NULL,'2017-09-11 14:25:00','2017-09-11 14:25:00',0,'审核中'),(20,1,2,NULL,'测试的店铺','test','test','test','test',NULL,'2017-09-12 00:07:40',NULL,0,'审核中'),(21,1,2,NULL,'测试的店铺3','test3','test3','test3','upload/item/shop/21/2017091200090919702.jpg',NULL,'2017-09-12 00:09:08','2017-09-12 00:09:08',0,'审核中'),(22,1,2,NULL,'测试的店铺','test','test','test','test',NULL,'2017-09-15 13:20:53',NULL,0,'审核中'),(23,1,2,NULL,'测试的店铺','test','test','test','test',NULL,'2017-09-15 13:22:05',NULL,0,'审核中'),(24,1,3,NULL,'测试咖啡屋','测试','测试而已','21312324','upload/item/shop/24/2017091513584980970.jpg',NULL,'2017-09-15 13:58:49','2017-09-15 13:58:49',0,NULL),(25,1,2,NULL,'测试的店铺','test','test','test','test',NULL,'2017-09-15 14:30:39',NULL,0,'审核中'),(26,1,2,NULL,'测试的店铺3','test3','test3','test3','upload/item/shop/26/2017092200471299552.jpg',NULL,'2017-09-22 00:47:12','2017-09-22 00:47:12',0,'审核中'),(27,1,2,NULL,'测试的店铺3','test3','test3','test3','upload/item/shop/27/2017092200493699623.jpg',NULL,'2017-09-22 00:49:35','2017-09-22 00:49:35',0,'审核中');
/*!40000 ALTER TABLE `tb_shop` ENABLE KEYS */;
UNLOCK TABLES;

--
-- Table structure for table `tb_shop_category`
--

DROP TABLE IF EXISTS `tb_shop_category`;
/*!40101 SET @saved_cs_client     = @@character_set_client */;
/*!40101 SET character_set_client = utf8 */;
CREATE TABLE `tb_shop_category` (
  `shop_category_id` int(11) NOT NULL AUTO_INCREMENT,
  `shop_category_name` varchar(100) NOT NULL DEFAULT '',
  `shop_category_desc` varchar(1000) DEFAULT '',
  `shop_category_img` varchar(2000) DEFAULT NULL,
  `priority` int(2) NOT NULL DEFAULT '0',
  `create_time` datetime DEFAULT NULL,
  `last_edit_time` datetime DEFAULT NULL,
  `parent_id` int(11) DEFAULT NULL,
  PRIMARY KEY (`shop_category_id`),
  KEY `fk_shop_category_self` (`parent_id`),
  CONSTRAINT `fk_shop_category_self` FOREIGN KEY (`parent_id`) REFERENCES `tb_shop_category` (`shop_category_id`)
) ENGINE=InnoDB AUTO_INCREMENT=33 DEFAULT CHARSET=utf8;
/*!40101 SET character_set_client = @saved_cs_client */;

--
-- Dumping data for table `tb_shop_category`
--

LOCK TABLES `tb_shop_category` WRITE;
/*!40000 ALTER TABLE `tb_shop_category` DISABLE KEYS */;
INSERT INTO `tb_shop_category` VALUES (10,'二手市场','二手商品交易','/upload/images/item/shopcategory/2017061223272255687.png',100,'2017-06-04 20:10:58','2017-06-12 23:27:22',NULL),(11,'美容美发','美容美发','/upload/images/item/shopcategory/2017061223273314635.png',99,'2017-06-04 20:12:57','2017-06-12 23:27:33',NULL),(12,'美食饮品','美食饮品','/upload/images/item/shopcategory/2017061223274213433.png',98,'2017-06-04 20:15:21','2017-06-12 23:27:42',NULL),(13,'休闲娱乐','休闲娱乐','/upload/images/item/shopcategory/2017061223275121460.png',97,'2017-06-04 20:19:29','2017-06-12 23:27:51',NULL),(14,'旧车','旧车','/upload/images/item/shopcategory/2017060420315183203.png',80,'2017-06-04 20:31:51','2017-06-04 20:31:51',10),(15,'二手书籍','二手书籍','/upload/images/item/shopcategory/2017060420322333745.png',79,'2017-06-04 20:32:23','2017-06-04 20:32:23',10),(17,'护理','护理','/upload/images/item/shopcategory/2017060420372391702.png',76,'2017-06-04 20:37:23','2017-06-04 20:37:23',11),(18,'理发','理发','/upload/images/item/shopcategory/2017060420374775350.png',74,'2017-06-04 20:37:47','2017-06-04 20:37:47',11),(20,'大排档','大排档','/upload/images/item/shopcategory/2017060420460491494.png',59,'2017-06-04 20:46:04','2017-06-04 20:46:04',12),(22,'奶茶店','奶茶店','/upload/images/item/shopcategory/2017060420464594520.png',58,'2017-06-04 20:46:45','2017-06-04 20:46:45',12),(24,'密室逃生','密室逃生','/upload/images/item/shopcategory/2017060420500783376.png',56,'2017-06-04 20:50:07','2017-06-04 21:45:53',13),(25,'KTV','KTV','/upload/images/item/shopcategory/2017060420505834244.png',57,'2017-06-04 20:50:58','2017-06-04 20:51:14',13),(27,'培训教育','培训教育','/upload/images/item/shopcategory/2017061223280082147.png',96,'2017-06-04 21:51:36','2017-06-12 23:28:00',NULL),(28,'租赁市场','租赁市场','/upload/images/item/shopcategory/2017061223281361578.png',95,'2017-06-04 21:53:52','2017-06-12 23:28:13',NULL),(29,'程序设计','程序设计','/upload/images/item/shopcategory/2017060421593496807.png',50,'2017-06-04 21:59:34','2017-06-04 21:59:34',27),(30,'声乐舞蹈','声乐舞蹈','/upload/images/item/shopcategory/2017060421595843693.png',49,'2017-06-04 21:59:58','2017-06-04 21:59:58',27),(31,'演出道具','演出道具','/upload/images/item/shopcategory/2017060422114076152.png',45,'2017-06-04 22:11:40','2017-06-04 22:11:40',28),(32,'交通工具','交通工具','/upload/images/item/shopcategory/2017060422121144586.png',44,'2017-06-04 22:12:11','2017-06-04 22:12:11',28);
/*!40000 ALTER TABLE `tb_shop_category` ENABLE KEYS */;
UNLOCK TABLES;

--
-- Table structure for table `tb_wechat_auth`
--

DROP TABLE IF EXISTS `tb_wechat_auth`;
/*!40101 SET @saved_cs_client     = @@character_set_client */;
/*!40101 SET character_set_client = utf8 */;
CREATE TABLE `tb_wechat_auth` (
  `wechat_auth_id` int(10) NOT NULL AUTO_INCREMENT,
  `user_id` int(10) NOT NULL,
  `open_id` varchar(80) NOT NULL DEFAULT '',
  `create_time` datetime DEFAULT NULL,
  PRIMARY KEY (`wechat_auth_id`),
  UNIQUE KEY `open_id` (`open_id`),
  KEY `fk_wechatauth_profile` (`user_id`),
  CONSTRAINT `fk_wechatauth_profile` FOREIGN KEY (`user_id`) REFERENCES `tb_person_info` (`user_id`)
) ENGINE=InnoDB DEFAULT CHARSET=utf8;
/*!40101 SET character_set_client = @saved_cs_client */;

--
-- Dumping data for table `tb_wechat_auth`
--

LOCK TABLES `tb_wechat_auth` WRITE;
/*!40000 ALTER TABLE `tb_wechat_auth` DISABLE KEYS */;
/*!40000 ALTER TABLE `tb_wechat_auth` ENABLE KEYS */;
UNLOCK TABLES;
/*!40103 SET TIME_ZONE=@OLD_TIME_ZONE */;

/*!40101 SET SQL_MODE=@OLD_SQL_MODE */;
/*!40014 SET FOREIGN_KEY_CHECKS=@OLD_FOREIGN_KEY_CHECKS */;
/*!40014 SET UNIQUE_CHECKS=@OLD_UNIQUE_CHECKS */;
/*!40101 SET CHARACTER_SET_CLIENT=@OLD_CHARACTER_SET_CLIENT */;
/*!40101 SET CHARACTER_SET_RESULTS=@OLD_CHARACTER_SET_RESULTS */;
/*!40101 SET COLLATION_CONNECTION=@OLD_COLLATION_CONNECTION */;
/*!40111 SET SQL_NOTES=@OLD_SQL_NOTES */;

-- Dump completed on 2017-09-25 11:15:21
